{
 "add_total_row": 1, 
 "apply_user_permissions": 1, 
 "creation": "2017-03-03 23:11:23.625369", 
 "disabled": 0, 
 "docstatus": 0, 
 "doctype": "Report", 
 "idx": 0, 
 "is_standard": "Yes", 
 "modified": "2017-03-03 23:40:16.596423", 
 "modified_by": "Administrator", 
 "module": "Forex", 
 "name": "Exposure (USD)", 
 "owner": "Administrator", 
 "query": "select \n    so.name as \"Sales Order:Link/Sales Order:120\",\n\tso.transaction_date as \"Date:Date:100\",\n\tso.customer as \"Customer:Link/Customer:180\",\n\tso.currency as \"CCY:Link/Currency:50\",\n\t(so.grand_total-(so.advance_paid/so.conversion_rate)) as \"Total Amount:Float:100\",\n\tso.conversion_rate as \"Rate:Float:80\",\n\tso.base_grand_total as \"INR Amount:Currency:100\",\n\tso.delivery_date as \"Delivery Date:Date:100\",\n\tso.status as \"Status::200\"\nfrom\t\n\t`tabSales Order` so\nwhere\n\tso.docstatus = 1\n        and so.currency = 'USD'\n        and so.status != 'Closed'\n\tand so.status != 'Completed'\norder by so.delivery_date asc", 
 "ref_doctype": "Sales Order", 
 "report_name": "Exposure (USD)", 
 "report_type": "Query Report"
}