{
 "add_total_row": 1, 
 "apply_user_permissions": 1, 
 "creation": "2017-03-03 21:43:36.842419", 
 "disabled": 0, 
 "docstatus": 0, 
 "doctype": "Report", 
 "idx": 0, 
 "is_standard": "Yes", 
 "modified": "2017-03-03 23:00:57.006782", 
 "modified_by": "Administrator", 
 "module": "Forex", 
 "name": "Exposure Details", 
 "owner": "Administrator", 
 "query": "select \n    `tabSales Order`.`name` as \"Sales Order:Link/Sales Order:120\",\n\t`tabSales Order`.`transaction_date` as \"Date:Date:100\",\n\t`tabSales Order`.`customer` as \"Customer:Link/Customer:180\",\n\t`tabSales Order`.`currency` as \"CCY:Link/Currency:50\",\n\t`tabSales Order`.`grand_total` as \"Total Amount:Float:100\",\n\t`tabSales Order`.`conversion_rate` as \"Rate:Float:80\",\n\t`tabSales Order`.`base_grand_total` as \"INR Amount:Currency:100\",\n\t`tabSales Order`.`delivery_date` as \"Delivery Date:Date:100\"\nfrom\n\t`tabSales Order`\nwhere\n\t`tabSales Order`.docstatus = 1\n        and `tabSales Order`.currency = 'USD'\n        and `tabSales Order`.status != 'Closed'\n\tand `tabSales Order`.status != 'Completed'\norder by `tabSales Order`.delivery_date asc", 
 "ref_doctype": "Sales Order", 
 "report_name": "Exposure Details", 
 "report_type": "Query Report"
}